"filename", "language", "C++", "JSON", "HTML", "CMake", "Dart", "Markdown", "YAML", "Gradle", "Java Properties", "XML", "Swift", "comment", "blank", "total"
"d:\IMDB_full_clone\New folder\xxxx\IMDb_full_clone\README.md", "Markdown", 0, 0, 0, 0, 0, 10, 0, 0, 0, 0, 0, 0, 7, 17
"d:\IMDB_full_clone\New folder\xxxx\IMDb_full_clone\analysis_options.yaml", "YAML", 0, 0, 0, 0, 0, 0, 3, 0, 0, 0, 0, 23, 4, 30
"d:\IMDB_full_clone\New folder\xxxx\IMDb_full_clone\android\app\build.gradle", "Gradle", 0, 0, 0, 0, 0, 0, 0, 54, 0, 0, 0, 5, 13, 72
"d:\IMDB_full_clone\New folder\xxxx\IMDb_full_clone\android\app\src\debug\AndroidManifest.xml", "XML", 0, 0, 0, 0, 0, 0, 0, 0, 0, 4, 0, 4, 1, 9
"d:\IMDB_full_clone\New folder\xxxx\IMDb_full_clone\android\app\src\main\AndroidManifest.xml", "XML", 0, 0, 0, 0, 0, 0, 0, 0, 0, 28, 0, 6, 1, 35
"d:\IMDB_full_clone\New folder\xxxx\IMDb_full_clone\android\app\src\main\res\drawable-v21\launch_background.xml", "XML", 0, 0, 0, 0, 0, 0, 0, 0, 0, 4, 0, 7, 2, 13
"d:\IMDB_full_clone\New folder\xxxx\IMDb_full_clone\android\app\src\main\res\drawable\launch_background.xml", "XML", 0, 0, 0, 0, 0, 0, 0, 0, 0, 4, 0, 7, 2, 13
"d:\IMDB_full_clone\New folder\xxxx\IMDb_full_clone\android\app\src\main\res\values-night\styles.xml", "XML", 0, 0, 0, 0, 0, 0, 0, 0, 0, 9, 0, 9, 1, 19
"d:\IMDB_full_clone\New folder\xxxx\IMDb_full_clone\android\app\src\main\res\values\styles.xml", "XML", 0, 0, 0, 0, 0, 0, 0, 0, 0, 9, 0, 9, 1, 19
"d:\IMDB_full_clone\New folder\xxxx\IMDb_full_clone\android\app\src\profile\AndroidManifest.xml", "XML", 0, 0, 0, 0, 0, 0, 0, 0, 0, 4, 0, 4, 1, 9
"d:\IMDB_full_clone\New folder\xxxx\IMDb_full_clone\android\build.gradle", "Gradle", 0, 0, 0, 0, 0, 0, 0, 27, 0, 0, 0, 0, 5, 32
"d:\IMDB_full_clone\New folder\xxxx\IMDb_full_clone\android\gradle.properties", "Java Properties", 0, 0, 0, 0, 0, 0, 0, 0, 3, 0, 0, 0, 1, 4
"d:\IMDB_full_clone\New folder\xxxx\IMDb_full_clone\android\gradle\wrapper\gradle-wrapper.properties", "Java Properties", 0, 0, 0, 0, 0, 0, 0, 0, 5, 0, 0, 0, 1, 6
"d:\IMDB_full_clone\New folder\xxxx\IMDb_full_clone\android\settings.gradle", "Gradle", 0, 0, 0, 0, 0, 0, 0, 8, 0, 0, 0, 0, 4, 12
"d:\IMDB_full_clone\New folder\xxxx\IMDb_full_clone\ios\Runner\AppDelegate.swift", "Swift", 0, 0, 0, 0, 0, 0, 0, 0, 0, 0, 12, 0, 2, 14
"d:\IMDB_full_clone\New folder\xxxx\IMDb_full_clone\ios\Runner\Assets.xcassets\AppIcon.appiconset\Contents.json", "JSON", 0, 122, 0, 0, 0, 0, 0, 0, 0, 0, 0, 0, 1, 123
"d:\IMDB_full_clone\New folder\xxxx\IMDb_full_clone\ios\Runner\Assets.xcassets\LaunchImage.imageset\Contents.json", "JSON", 0, 23, 0, 0, 0, 0, 0, 0, 0, 0, 0, 0, 1, 24
"d:\IMDB_full_clone\New folder\xxxx\IMDb_full_clone\ios\Runner\Assets.xcassets\LaunchImage.imageset\README.md", "Markdown", 0, 0, 0, 0, 0, 3, 0, 0, 0, 0, 0, 0, 2, 5
"d:\IMDB_full_clone\New folder\xxxx\IMDb_full_clone\ios\Runner\Base.lproj\LaunchScreen.storyboard", "XML", 0, 0, 0, 0, 0, 0, 0, 0, 0, 36, 0, 1, 1, 38
"d:\IMDB_full_clone\New folder\xxxx\IMDb_full_clone\ios\Runner\Base.lproj\Main.storyboard", "XML", 0, 0, 0, 0, 0, 0, 0, 0, 0, 25, 0, 1, 1, 27
"d:\IMDB_full_clone\New folder\xxxx\IMDb_full_clone\ios\Runner\Runner-Bridging-Header.h", "C++", 1, 0, 0, 0, 0, 0, 0, 0, 0, 0, 0, 0, 1, 2
"d:\IMDB_full_clone\New folder\xxxx\IMDb_full_clone\lib\helper\functions\api_result.dart", "Dart", 0, 0, 0, 0, 9, 0, 0, 0, 0, 0, 0, 0, 4, 13
"d:\IMDB_full_clone\New folder\xxxx\IMDb_full_clone\lib\helper\functions\api_result.freezed.dart", "Dart", 0, 0, 0, 0, 290, 0, 0, 0, 0, 0, 0, 18, 47, 355
"d:\IMDB_full_clone\New folder\xxxx\IMDb_full_clone\lib\helper\functions\error_model.dart", "Dart", 0, 0, 0, 0, 10, 0, 0, 0, 0, 0, 0, 0, 8, 18
"d:\IMDB_full_clone\New folder\xxxx\IMDb_full_clone\lib\helper\functions\error_model.g.dart", "Dart", 0, 0, 0, 0, 10, 0, 0, 0, 0, 0, 0, 4, 5, 19
"d:\IMDB_full_clone\New folder\xxxx\IMDb_full_clone\lib\helper\functions\network_exceptions.dart", "Dart", 0, 0, 0, 0, 139, 0, 0, 0, 0, 0, 0, 0, 24, 163
"d:\IMDB_full_clone\New folder\xxxx\IMDb_full_clone\lib\helper\functions\network_exceptions.freezed.dart", "Dart", 0, 0, 0, 0, 3519, 0, 0, 0, 0, 0, 0, 66, 277, 3862
"d:\IMDB_full_clone\New folder\xxxx\IMDb_full_clone\lib\helper\functions\toast_show.dart", "Dart", 0, 0, 0, 0, 33, 0, 0, 0, 0, 0, 0, 0, 5, 38
"d:\IMDB_full_clone\New folder\xxxx\IMDb_full_clone\lib\helper\resources\color_manager.dart", "Dart", 0, 0, 0, 0, 40, 0, 0, 0, 0, 0, 0, 0, 15, 55
"d:\IMDB_full_clone\New folder\xxxx\IMDb_full_clone\lib\helper\resources\font_manager.dart", "Dart", 0, 0, 0, 0, 34, 0, 0, 0, 0, 0, 0, 0, 11, 45
"d:\IMDB_full_clone\New folder\xxxx\IMDb_full_clone\lib\helper\resources\strings_manager.dart", "Dart", 0, 0, 0, 0, 3, 0, 0, 0, 0, 0, 0, 0, 1, 4
"d:\IMDB_full_clone\New folder\xxxx\IMDb_full_clone\lib\helper\resources\styles_manager.dart", "Dart", 0, 0, 0, 0, 51, 0, 0, 0, 0, 0, 0, 0, 9, 60
"d:\IMDB_full_clone\New folder\xxxx\IMDb_full_clone\lib\helper\resources\values_manager.dart", "Dart", 0, 0, 0, 0, 65, 0, 0, 0, 0, 0, 0, 0, 7, 72
"d:\IMDB_full_clone\New folder\xxxx\IMDb_full_clone\lib\helper\routes\route_app.dart", "Dart", 0, 0, 0, 0, 20, 0, 0, 0, 0, 0, 0, 2, 5, 27
"d:\IMDB_full_clone\New folder\xxxx\IMDb_full_clone\lib\helper\themes\app_theme.dart", "Dart", 0, 0, 0, 0, 128, 0, 0, 0, 0, 0, 0, 0, 7, 135
"d:\IMDB_full_clone\New folder\xxxx\IMDb_full_clone\lib\helper\themes\theme_service.dart", "Dart", 0, 0, 0, 0, 15, 0, 0, 0, 0, 0, 0, 0, 5, 20
"d:\IMDB_full_clone\New folder\xxxx\IMDb_full_clone\lib\helper\translations\app_lang.dart", "Dart", 0, 0, 0, 0, 26, 0, 0, 0, 0, 0, 0, 0, 7, 33
"d:\IMDB_full_clone\New folder\xxxx\IMDb_full_clone\lib\helper\translations\langs\ar.dart", "Dart", 0, 0, 0, 0, 135, 0, 0, 0, 0, 0, 0, 0, 1, 136
"d:\IMDB_full_clone\New folder\xxxx\IMDb_full_clone\lib\helper\translations\langs\en.dart", "Dart", 0, 0, 0, 0, 140, 0, 0, 0, 0, 0, 0, 1, 2, 143
"d:\IMDB_full_clone\New folder\xxxx\IMDb_full_clone\lib\helper\translations\local_storage\local_storage.dart", "Dart", 0, 0, 0, 0, 9, 0, 0, 0, 0, 0, 0, 0, 3, 12
"d:\IMDB_full_clone\New folder\xxxx\IMDb_full_clone\lib\helper\translations\translations.dart", "Dart", 0, 0, 0, 0, 7, 0, 0, 0, 0, 0, 0, 0, 2, 9
"d:\IMDB_full_clone\New folder\xxxx\IMDb_full_clone\lib\helper\utility\app_prefs.dart", "Dart", 0, 0, 0, 0, 13, 0, 0, 0, 0, 0, 0, 0, 7, 20
"d:\IMDB_full_clone\New folder\xxxx\IMDb_full_clone\lib\helper\utility\constant.dart", "Dart", 0, 0, 0, 0, 3, 0, 0, 0, 0, 0, 0, 0, 1, 4
"d:\IMDB_full_clone\New folder\xxxx\IMDb_full_clone\lib\helper\utility\injector.dart", "Dart", 0, 0, 0, 0, 70, 0, 0, 0, 0, 0, 0, 6, 16, 92
"d:\IMDB_full_clone\New folder\xxxx\IMDb_full_clone\lib\main.dart", "Dart", 0, 0, 0, 0, 8, 0, 0, 0, 0, 0, 0, 5, 4, 17
"d:\IMDB_full_clone\New folder\xxxx\IMDb_full_clone\lib\models\remote\box_office\box_office.dart", "Dart", 0, 0, 0, 0, 16, 0, 0, 0, 0, 0, 0, 0, 5, 21
"d:\IMDB_full_clone\New folder\xxxx\IMDb_full_clone\lib\models\remote\box_office\box_office.g.dart", "Dart", 0, 0, 0, 0, 68, 0, 0, 0, 0, 0, 0, 5, 10, 83
"d:\IMDB_full_clone\New folder\xxxx\IMDb_full_clone\lib\models\remote\different_calls_from\different_calls_from_api.dart", "Dart", 0, 0, 0, 0, 14, 0, 0, 0, 0, 0, 0, 0, 4, 18
"d:\IMDB_full_clone\New folder\xxxx\IMDb_full_clone\lib\models\remote\different_calls_from\different_calls_from_api.g.dart", "Dart", 0, 0, 0, 0, 48, 0, 0, 0, 0, 0, 0, 5, 9, 62
"d:\IMDB_full_clone\New folder\xxxx\IMDb_full_clone\lib\models\remote\film_info\film_info_api.dart", "Dart", 0, 0, 0, 0, 65, 0, 0, 0, 0, 0, 0, 3, 18, 86
"d:\IMDB_full_clone\New folder\xxxx\IMDb_full_clone\lib\models\remote\film_info\film_info_api.g.dart", "Dart", 0, 0, 0, 0, 374, 0, 0, 0, 0, 0, 0, 5, 22, 401
"d:\IMDB_full_clone\New folder\xxxx\IMDb_full_clone\lib\models\remote\most_popular_films\most_popular_films_api.dart", "Dart", 0, 0, 0, 0, 16, 0, 0, 0, 0, 0, 0, 0, 5, 21
"d:\IMDB_full_clone\New folder\xxxx\IMDb_full_clone\lib\models\remote\most_popular_films\most_popular_films_api.g.dart", "Dart", 0, 0, 0, 0, 67, 0, 0, 0, 0, 0, 0, 5, 10, 82
"d:\IMDB_full_clone\New folder\xxxx\IMDb_full_clone\lib\models\remote\new_films\new_films_api.dart", "Dart", 0, 0, 0, 0, 14, 0, 0, 0, 0, 0, 0, 0, 5, 19
"d:\IMDB_full_clone\New folder\xxxx\IMDb_full_clone\lib\models\remote\new_films\new_films_api.g.dart", "Dart", 0, 0, 0, 0, 67, 0, 0, 0, 0, 0, 0, 5, 10, 82
"d:\IMDB_full_clone\New folder\xxxx\IMDb_full_clone\lib\models\remote\personal_info\personal_info_api.dart", "Dart", 0, 0, 0, 0, 17, 0, 0, 0, 0, 0, 0, 0, 4, 21
"d:\IMDB_full_clone\New folder\xxxx\IMDb_full_clone\lib\models\remote\personal_info\personal_info_api.g.dart", "Dart", 0, 0, 0, 0, 73, 0, 0, 0, 0, 0, 0, 5, 10, 88
"d:\IMDB_full_clone\New folder\xxxx\IMDb_full_clone\lib\models\remote\top_250_films\top_250_films_api.dart", "Dart", 0, 0, 0, 0, 15, 0, 0, 0, 0, 0, 0, 0, 5, 20
"d:\IMDB_full_clone\New folder\xxxx\IMDb_full_clone\lib\models\remote\top_250_films\top_250_films_api.g.dart", "Dart", 0, 0, 0, 0, 67, 0, 0, 0, 0, 0, 0, 5, 10, 82
"d:\IMDB_full_clone\New folder\xxxx\IMDb_full_clone\lib\repositories\box_office_repo.dart", "Dart", 0, 0, 0, 0, 26, 0, 0, 0, 0, 0, 0, 0, 4, 30
"d:\IMDB_full_clone\New folder\xxxx\IMDb_full_clone\lib\repositories\info_with_id_repo.dart", "Dart", 0, 0, 0, 0, 37, 0, 0, 0, 0, 0, 0, 0, 6, 43
"d:\IMDB_full_clone\New folder\xxxx\IMDb_full_clone\lib\repositories\most_popular_films_repo.dart", "Dart", 0, 0, 0, 0, 26, 0, 0, 0, 0, 0, 0, 0, 4, 30
"d:\IMDB_full_clone\New folder\xxxx\IMDb_full_clone\lib\repositories\new_films_repo.dart", "Dart", 0, 0, 0, 0, 24, 0, 0, 0, 0, 0, 0, 0, 4, 28
"d:\IMDB_full_clone\New folder\xxxx\IMDb_full_clone\lib\repositories\top_250_films_repo.dart", "Dart", 0, 0, 0, 0, 25, 0, 0, 0, 0, 0, 0, 0, 4, 29
"d:\IMDB_full_clone\New folder\xxxx\IMDb_full_clone\lib\view_models\box_office\box_office_details.dart", "Dart", 0, 0, 0, 0, 23, 0, 0, 0, 0, 0, 0, 0, 5, 28
"d:\IMDB_full_clone\New folder\xxxx\IMDb_full_clone\lib\view_models\box_office\box_office_items.dart", "Dart", 0, 0, 0, 0, 37, 0, 0, 0, 0, 0, 0, 0, 5, 42
"d:\IMDB_full_clone\New folder\xxxx\IMDb_full_clone\lib\view_models\box_office_of_all_time\box_office_of_all_time_details.dart", "Dart", 0, 0, 0, 0, 23, 0, 0, 0, 0, 0, 0, 0, 5, 28
"d:\IMDB_full_clone\New folder\xxxx\IMDb_full_clone\lib\view_models\box_office_of_all_time\box_office_of_all_time_items.dart", "Dart", 0, 0, 0, 0, 45, 0, 0, 0, 0, 0, 0, 0, 5, 50
"d:\IMDB_full_clone\New folder\xxxx\IMDb_full_clone\lib\view_models\faq\faq_details.dart", "Dart", 0, 0, 0, 0, 42, 0, 0, 0, 0, 0, 0, 0, 7, 49
"d:\IMDB_full_clone\New folder\xxxx\IMDb_full_clone\lib\view_models\faq\faq_details.g.dart", "Dart", 0, 0, 0, 0, 34, 0, 0, 0, 0, 0, 0, 4, 7, 45
"d:\IMDB_full_clone\New folder\xxxx\IMDb_full_clone\lib\view_models\film\film_details\film_details.dart", "Dart", 0, 0, 0, 0, 290, 0, 0, 0, 0, 0, 0, 1, 91, 382
"d:\IMDB_full_clone\New folder\xxxx\IMDb_full_clone\lib\view_models\film\film_details\film_details.g.dart", "Dart", 0, 0, 0, 0, 263, 0, 0, 0, 0, 0, 0, 4, 25, 292
"d:\IMDB_full_clone\New folder\xxxx\IMDb_full_clone\lib\view_models\film\film_sub_details\film_sub_details.dart", "Dart", 0, 0, 0, 0, 23, 0, 0, 0, 0, 0, 0, 0, 5, 28
"d:\IMDB_full_clone\New folder\xxxx\IMDb_full_clone\lib\view_models\film\film_sub_details\film_sub_items.dart", "Dart", 0, 0, 0, 0, 51, 0, 0, 0, 0, 0, 0, 0, 4, 55
"d:\IMDB_full_clone\New folder\xxxx\IMDb_full_clone\lib\view_models\film_award\film_award_details.dart", "Dart", 0, 0, 0, 0, 79, 0, 0, 0, 0, 0, 0, 0, 15, 94
"d:\IMDB_full_clone\New folder\xxxx\IMDb_full_clone\lib\view_models\film_award\film_award_details.g.dart", "Dart", 0, 0, 0, 0, 67, 0, 0, 0, 0, 0, 0, 4, 11, 82
"d:\IMDB_full_clone\New folder\xxxx\IMDb_full_clone\lib\view_models\full_cast\full_cast_details.dart", "Dart", 0, 0, 0, 0, 38, 0, 0, 0, 0, 0, 0, 0, 12, 50
"d:\IMDB_full_clone\New folder\xxxx\IMDb_full_clone\lib\view_models\full_cast\full_cast_details.g.dart", "Dart", 0, 0, 0, 0, 35, 0, 0, 0, 0, 0, 0, 4, 5, 44
"d:\IMDB_full_clone\New folder\xxxx\IMDb_full_clone\lib\view_models\image\image_details.dart", "Dart", 0, 0, 0, 0, 40, 0, 0, 0, 0, 0, 0, 0, 15, 55
"d:\IMDB_full_clone\New folder\xxxx\IMDb_full_clone\lib\view_models\image\image_details.g.dart", "Dart", 0, 0, 0, 0, 31, 0, 0, 0, 0, 0, 0, 4, 7, 42
"d:\IMDB_full_clone\New folder\xxxx\IMDb_full_clone\lib\view_models\imdb_list\imdb_list_details.dart", "Dart", 0, 0, 0, 0, 0, 0, 0, 0, 0, 0, 0, 1, 0, 1
"d:\IMDB_full_clone\New folder\xxxx\IMDb_full_clone\lib\view_models\in_theaters\new_film_details.dart", "Dart", 0, 0, 0, 0, 23, 0, 0, 0, 0, 0, 0, 0, 5, 28
"d:\IMDB_full_clone\New folder\xxxx\IMDb_full_clone\lib\view_models\in_theaters\new_fim_items.dart", "Dart", 0, 0, 0, 0, 136, 0, 0, 0, 0, 0, 0, 0, 13, 149
"d:\IMDB_full_clone\New folder\xxxx\IMDb_full_clone\lib\view_models\metacritic_reviews\metacritic_reviews_details.dart", "Dart", 0, 0, 0, 0, 65, 0, 0, 0, 0, 0, 0, 0, 9, 74
"d:\IMDB_full_clone\New folder\xxxx\IMDb_full_clone\lib\view_models\metacritic_reviews\metacritic_reviews_details.g.dart", "Dart", 0, 0, 0, 0, 52, 0, 0, 0, 0, 0, 0, 4, 7, 63
"d:\IMDB_full_clone\New folder\xxxx\IMDb_full_clone\lib\view_models\personal_award\personal_award_details.dart", "Dart", 0, 0, 0, 0, 109, 0, 0, 0, 0, 0, 0, 0, 16, 125
"d:\IMDB_full_clone\New folder\xxxx\IMDb_full_clone\lib\view_models\personal_info\personal_info_details.dart", "Dart", 0, 0, 0, 0, 123, 0, 0, 0, 0, 0, 0, 0, 12, 135
"d:\IMDB_full_clone\New folder\xxxx\IMDb_full_clone\lib\view_models\poster\poster_details.dart", "Dart", 0, 0, 0, 0, 27, 0, 0, 0, 0, 0, 0, 6, 10, 43
"d:\IMDB_full_clone\New folder\xxxx\IMDb_full_clone\lib\view_models\poster\poster_details.g.dart", "Dart", 0, 0, 0, 0, 17, 0, 0, 0, 0, 0, 0, 4, 5, 26
"d:\IMDB_full_clone\New folder\xxxx\IMDb_full_clone\lib\view_models\rating\rating_details.dart", "Dart", 0, 0, 0, 0, 42, 0, 0, 0, 0, 0, 0, 0, 16, 58
"d:\IMDB_full_clone\New folder\xxxx\IMDb_full_clone\lib\view_models\rating\rating_details.g.dart", "Dart", 0, 0, 0, 0, 29, 0, 0, 0, 0, 0, 0, 4, 5, 38
"d:\IMDB_full_clone\New folder\xxxx\IMDb_full_clone\lib\view_models\reviews\reviews_details.dart", "Dart", 0, 0, 0, 0, 64, 0, 0, 0, 0, 0, 0, 0, 9, 73
"d:\IMDB_full_clone\New folder\xxxx\IMDb_full_clone\lib\view_models\reviews\reviews_details.g.dart", "Dart", 0, 0, 0, 0, 47, 0, 0, 0, 0, 0, 0, 4, 7, 58
"d:\IMDB_full_clone\New folder\xxxx\IMDb_full_clone\lib\view_models\season_episode\season_episode.dart", "Dart", 0, 0, 0, 0, 67, 0, 0, 0, 0, 0, 0, 0, 9, 76
"d:\IMDB_full_clone\New folder\xxxx\IMDb_full_clone\lib\view_models\season_episode\season_episode.g.dart", "Dart", 0, 0, 0, 0, 48, 0, 0, 0, 0, 0, 0, 4, 7, 59
"d:\IMDB_full_clone\New folder\xxxx\IMDb_full_clone\lib\view_models\trailer\trailer_details.dart", "Dart", 0, 0, 0, 0, 48, 0, 0, 0, 0, 0, 0, 0, 17, 65
"d:\IMDB_full_clone\New folder\xxxx\IMDb_full_clone\lib\view_models\trailer\trailer_details.g.dart", "Dart", 0, 0, 0, 0, 33, 0, 0, 0, 0, 0, 0, 4, 5, 42
"d:\IMDB_full_clone\New folder\xxxx\IMDb_full_clone\lib\view_models\user_ratings\user_ratings_details.dart", "Dart", 0, 0, 0, 0, 180, 0, 0, 0, 0, 0, 0, 0, 16, 196
"d:\IMDB_full_clone\New folder\xxxx\IMDb_full_clone\lib\view_models\wikipedia\wikipedia_details.dart", "Dart", 0, 0, 0, 0, 51, 0, 0, 0, 0, 0, 0, 0, 17, 68
"d:\IMDB_full_clone\New folder\xxxx\IMDb_full_clone\lib\view_models\wikipedia\wikipedia_details.g.dart", "Dart", 0, 0, 0, 0, 39, 0, 0, 0, 0, 0, 0, 4, 7, 50
"d:\IMDB_full_clone\New folder\xxxx\IMDb_full_clone\lib\view_models\youtube_trailer\youtube_trailer_details.dart", "Dart", 0, 0, 0, 0, 41, 0, 0, 0, 0, 0, 0, 0, 4, 45
"d:\IMDB_full_clone\New folder\xxxx\IMDb_full_clone\lib\views\base_layouts\base_layout.dart", "Dart", 0, 0, 0, 0, 68, 0, 0, 0, 0, 0, 0, 0, 7, 75
"d:\IMDB_full_clone\New folder\xxxx\IMDb_full_clone\lib\views\bloc\box_office\box_office_cubit.dart", "Dart", 0, 0, 0, 0, 35, 0, 0, 0, 0, 0, 0, 0, 5, 40
"d:\IMDB_full_clone\New folder\xxxx\IMDb_full_clone\lib\views\bloc\cubit_result_state.dart", "Dart", 0, 0, 0, 0, 10, 0, 0, 0, 0, 0, 0, 0, 6, 16
"d:\IMDB_full_clone\New folder\xxxx\IMDb_full_clone\lib\views\bloc\cubit_result_state.freezed.dart", "Dart", 0, 0, 0, 0, 517, 0, 0, 0, 0, 0, 0, 24, 75, 616
"d:\IMDB_full_clone\New folder\xxxx\IMDb_full_clone\lib\views\bloc\info_with_id\info_with_id_cubit.dart", "Dart", 0, 0, 0, 0, 44, 0, 0, 0, 0, 0, 0, 0, 7, 51
"d:\IMDB_full_clone\New folder\xxxx\IMDb_full_clone\lib\views\bloc\most_popular_films\most_popular_films_cubit.dart", "Dart", 0, 0, 0, 0, 30, 0, 0, 0, 0, 0, 0, 0, 6, 36
"d:\IMDB_full_clone\New folder\xxxx\IMDb_full_clone\lib\views\bloc\new_films\new_films.dart", "Dart", 0, 0, 0, 0, 30, 0, 0, 0, 0, 0, 0, 0, 6, 36
"d:\IMDB_full_clone\New folder\xxxx\IMDb_full_clone\lib\views\bloc\search\search_bloc.dart", "Dart", 0, 0, 0, 0, 0, 0, 0, 0, 0, 0, 0, 12, 3, 15
"d:\IMDB_full_clone\New folder\xxxx\IMDb_full_clone\lib\views\bloc\search\search_event.dart", "Dart", 0, 0, 0, 0, 0, 0, 0, 0, 0, 0, 0, 5, 1, 6
"d:\IMDB_full_clone\New folder\xxxx\IMDb_full_clone\lib\views\bloc\top_250_films\top250_films_cubit.dart", "Dart", 0, 0, 0, 0, 30, 0, 0, 0, 0, 0, 0, 0, 5, 35
"d:\IMDB_full_clone\New folder\xxxx\IMDb_full_clone\lib\views\common_widgets\basic_film_and_sub_info_in_row.dart", "Dart", 0, 0, 0, 0, 103, 0, 0, 0, 0, 0, 0, 20, 3, 126
"d:\IMDB_full_clone\New folder\xxxx\IMDb_full_clone\lib\views\common_widgets\box_shadows.dart", "Dart", 0, 0, 0, 0, 16, 0, 0, 0, 0, 0, 0, 0, 2, 18
"d:\IMDB_full_clone\New folder\xxxx\IMDb_full_clone\lib\views\common_widgets\custom_circulars_progress.dart", "Dart", 0, 0, 0, 0, 37, 0, 0, 0, 0, 0, 0, 0, 7, 44
"d:\IMDB_full_clone\New folder\xxxx\IMDb_full_clone\lib\views\common_widgets\custom_elevated_button.dart", "Dart", 0, 0, 0, 0, 37, 0, 0, 0, 0, 0, 0, 0, 4, 41
"d:\IMDB_full_clone\New folder\xxxx\IMDb_full_clone\lib\views\common_widgets\custom_outlined_button.dart", "Dart", 0, 0, 0, 0, 29, 0, 0, 0, 0, 0, 0, 0, 4, 33
"d:\IMDB_full_clone\New folder\xxxx\IMDb_full_clone\lib\views\common_widgets\films_main_floating_container.dart", "Dart", 0, 0, 0, 0, 61, 0, 0, 0, 0, 0, 0, 0, 3, 64
"d:\IMDB_full_clone\New folder\xxxx\IMDb_full_clone\lib\views\common_widgets\floating_container.dart", "Dart", 0, 0, 0, 0, 34, 0, 0, 0, 0, 0, 0, 0, 4, 38
"d:\IMDB_full_clone\New folder\xxxx\IMDb_full_clone\lib\views\common_widgets\gold_title_of_main_card.dart", "Dart", 0, 0, 0, 0, 54, 0, 0, 0, 0, 0, 0, 0, 5, 59
"d:\IMDB_full_clone\New folder\xxxx\IMDb_full_clone\lib\views\common_widgets\play_icon_with_time.dart", "Dart", 0, 0, 0, 0, 24, 0, 0, 0, 0, 0, 0, 0, 3, 27
"d:\IMDB_full_clone\New folder\xxxx\IMDb_full_clone\lib\views\common_widgets\suggestion_filtered_container.dart", "Dart", 0, 0, 0, 0, 110, 0, 0, 0, 0, 0, 0, 0, 5, 115
"d:\IMDB_full_clone\New folder\xxxx\IMDb_full_clone\lib\views\common_widgets\text_field\mobile_phone_text_field.dart", "Dart", 0, 0, 0, 0, 33, 0, 0, 0, 0, 0, 0, 0, 5, 38
"d:\IMDB_full_clone\New folder\xxxx\IMDb_full_clone\lib\views\multi_bloc_provider.dart", "Dart", 0, 0, 0, 0, 32, 0, 0, 0, 0, 0, 0, 0, 4, 36
"d:\IMDB_full_clone\New folder\xxxx\IMDb_full_clone\lib\views\my_app.dart", "Dart", 0, 0, 0, 0, 52, 0, 0, 0, 0, 0, 0, 0, 5, 57
"d:\IMDB_full_clone\New folder\xxxx\IMDb_full_clone\lib\views\pages\film_details\film_details_page.dart", "Dart", 0, 0, 0, 0, 1107, 0, 0, 0, 0, 0, 0, 2, 76, 1185
"d:\IMDB_full_clone\New folder\xxxx\IMDb_full_clone\lib\views\pages\films_filtered\films_filtered_page.dart", "Dart", 0, 0, 0, 0, 78, 0, 0, 0, 0, 0, 0, 0, 5, 83
"d:\IMDB_full_clone\New folder\xxxx\IMDb_full_clone\lib\views\pages\home\home_page.dart", "Dart", 0, 0, 0, 0, 227, 0, 0, 0, 0, 0, 0, 0, 14, 241
"d:\IMDB_full_clone\New folder\xxxx\IMDb_full_clone\lib\views\pages\home\widgets\actor_birth_day_card.dart", "Dart", 0, 0, 0, 0, 68, 0, 0, 0, 0, 0, 0, 0, 5, 73
"d:\IMDB_full_clone\New folder\xxxx\IMDb_full_clone\lib\views\pages\home\widgets\add_to_wach_list.dart", "Dart", 0, 0, 0, 0, 28, 0, 0, 0, 0, 0, 0, 0, 4, 32
"d:\IMDB_full_clone\New folder\xxxx\IMDb_full_clone\lib\views\pages\home\widgets\film_card.dart", "Dart", 0, 0, 0, 0, 112, 0, 0, 0, 0, 0, 0, 0, 10, 122
"d:\IMDB_full_clone\New folder\xxxx\IMDb_full_clone\lib\views\pages\personal\appearance_page.dart", "Dart", 0, 0, 0, 0, 164, 0, 0, 0, 0, 0, 0, 0, 9, 173
"d:\IMDB_full_clone\New folder\xxxx\IMDb_full_clone\lib\views\pages\personal\personal_page.dart", "Dart", 0, 0, 0, 0, 81, 0, 0, 0, 0, 0, 0, 0, 6, 87
"d:\IMDB_full_clone\New folder\xxxx\IMDb_full_clone\lib\views\pages\personal\settings_page.dart", "Dart", 0, 0, 0, 0, 85, 0, 0, 0, 0, 0, 0, 0, 5, 90
"d:\IMDB_full_clone\New folder\xxxx\IMDb_full_clone\lib\views\pages\search\main_pages\search_page.dart", "Dart", 0, 0, 0, 0, 245, 0, 0, 0, 0, 0, 0, 0, 13, 258
"d:\IMDB_full_clone\New folder\xxxx\IMDb_full_clone\lib\views\pages\search\main_pages\search_result_page.dart", "Dart", 0, 0, 0, 0, 350, 0, 0, 0, 0, 0, 0, 5, 27, 382
"d:\IMDB_full_clone\New folder\xxxx\IMDb_full_clone\lib\views\pages\search\sub_pages\top_250_movies_page.dart", "Dart", 0, 0, 0, 0, 38, 0, 0, 0, 0, 0, 0, 0, 3, 41
"d:\IMDB_full_clone\New folder\xxxx\IMDb_full_clone\lib\views\pages\search\widgets\search_text_field.dart", "Dart", 0, 0, 0, 0, 36, 0, 0, 0, 0, 0, 0, 0, 3, 39
"d:\IMDB_full_clone\New folder\xxxx\IMDb_full_clone\lib\views\pages\video\video_page.dart", "Dart", 0, 0, 0, 0, 132, 0, 0, 0, 0, 0, 0, 0, 6, 138
"d:\IMDB_full_clone\New folder\xxxx\IMDb_full_clone\lib\views\pages\video\video_watch_page.dart", "Dart", 0, 0, 0, 0, 282, 0, 0, 0, 0, 0, 0, 0, 20, 302
"d:\IMDB_full_clone\New folder\xxxx\IMDb_full_clone\linux\CMakeLists.txt", "CMake", 0, 0, 0, 75, 0, 0, 0, 0, 0, 0, 0, 38, 26, 139
"d:\IMDB_full_clone\New folder\xxxx\IMDb_full_clone\linux\flutter\CMakeLists.txt", "CMake", 0, 0, 0, 66, 0, 0, 0, 0, 0, 0, 0, 13, 10, 89
"d:\IMDB_full_clone\New folder\xxxx\IMDb_full_clone\linux\flutter\generated_plugin_registrant.cc", "C++", 3, 0, 0, 0, 0, 0, 0, 0, 0, 0, 0, 4, 5, 12
"d:\IMDB_full_clone\New folder\xxxx\IMDb_full_clone\linux\flutter\generated_plugin_registrant.h", "C++", 5, 0, 0, 0, 0, 0, 0, 0, 0, 0, 0, 5, 6, 16
"d:\IMDB_full_clone\New folder\xxxx\IMDb_full_clone\linux\flutter\generated_plugins.cmake", "CMake", 0, 0, 0, 15, 0, 0, 0, 0, 0, 0, 0, 3, 6, 24
"d:\IMDB_full_clone\New folder\xxxx\IMDb_full_clone\linux\main.cc", "C++", 5, 0, 0, 0, 0, 0, 0, 0, 0, 0, 0, 0, 2, 7
"d:\IMDB_full_clone\New folder\xxxx\IMDb_full_clone\linux\my_application.cc", "C++", 74, 0, 0, 0, 0, 0, 0, 0, 0, 0, 0, 11, 20, 105
"d:\IMDB_full_clone\New folder\xxxx\IMDb_full_clone\linux\my_application.h", "C++", 7, 0, 0, 0, 0, 0, 0, 0, 0, 0, 0, 7, 5, 19
"d:\IMDB_full_clone\New folder\xxxx\IMDb_full_clone\macos\Flutter\GeneratedPluginRegistrant.swift", "Swift", 0, 0, 0, 0, 0, 0, 0, 0, 0, 0, 8, 3, 4, 15
"d:\IMDB_full_clone\New folder\xxxx\IMDb_full_clone\macos\Runner\AppDelegate.swift", "Swift", 0, 0, 0, 0, 0, 0, 0, 0, 0, 0, 8, 0, 2, 10
"d:\IMDB_full_clone\New folder\xxxx\IMDb_full_clone\macos\Runner\Assets.xcassets\AppIcon.appiconset\Contents.json", "JSON", 0, 68, 0, 0, 0, 0, 0, 0, 0, 0, 0, 0, 1, 69
"d:\IMDB_full_clone\New folder\xxxx\IMDb_full_clone\macos\Runner\Base.lproj\MainMenu.xib", "XML", 0, 0, 0, 0, 0, 0, 0, 0, 0, 343, 0, 0, 1, 344
"d:\IMDB_full_clone\New folder\xxxx\IMDb_full_clone\macos\Runner\MainFlutterWindow.swift", "Swift", 0, 0, 0, 0, 0, 0, 0, 0, 0, 0, 12, 0, 4, 16
"d:\IMDB_full_clone\New folder\xxxx\IMDb_full_clone\pubspec.yaml", "YAML", 0, 0, 0, 0, 0, 0, 35, 0, 0, 0, 0, 60, 18, 113
"d:\IMDB_full_clone\New folder\xxxx\IMDb_full_clone\test\widget_test.dart", "Dart", 0, 0, 0, 0, 14, 0, 0, 0, 0, 0, 0, 10, 6, 30
"d:\IMDB_full_clone\New folder\xxxx\IMDb_full_clone\web\index.html", "HTML", 0, 0, 37, 0, 0, 0, 0, 0, 0, 0, 0, 16, 6, 59
"d:\IMDB_full_clone\New folder\xxxx\IMDb_full_clone\web\manifest.json", "JSON", 0, 35, 0, 0, 0, 0, 0, 0, 0, 0, 0, 0, 1, 36
"d:\IMDB_full_clone\New folder\xxxx\IMDb_full_clone\windows\CMakeLists.txt", "CMake", 0, 0, 0, 59, 0, 0, 0, 0, 0, 0, 0, 25, 18, 102
"d:\IMDB_full_clone\New folder\xxxx\IMDb_full_clone\windows\flutter\CMakeLists.txt", "CMake", 0, 0, 0, 81, 0, 0, 0, 0, 0, 0, 0, 13, 11, 105
"d:\IMDB_full_clone\New folder\xxxx\IMDb_full_clone\windows\flutter\generated_plugin_registrant.cc", "C++", 3, 0, 0, 0, 0, 0, 0, 0, 0, 0, 0, 4, 5, 12
"d:\IMDB_full_clone\New folder\xxxx\IMDb_full_clone\windows\flutter\generated_plugin_registrant.h", "C++", 5, 0, 0, 0, 0, 0, 0, 0, 0, 0, 0, 5, 6, 16
"d:\IMDB_full_clone\New folder\xxxx\IMDb_full_clone\windows\flutter\generated_plugins.cmake", "CMake", 0, 0, 0, 15, 0, 0, 0, 0, 0, 0, 0, 3, 6, 24
"d:\IMDB_full_clone\New folder\xxxx\IMDb_full_clone\windows\runner\CMakeLists.txt", "CMake", 0, 0, 0, 21, 0, 0, 0, 0, 0, 0, 0, 12, 7, 40
"d:\IMDB_full_clone\New folder\xxxx\IMDb_full_clone\windows\runner\flutter_window.cpp", "C++", 45, 0, 0, 0, 0, 0, 0, 0, 0, 0, 0, 4, 13, 62
"d:\IMDB_full_clone\New folder\xxxx\IMDb_full_clone\windows\runner\flutter_window.h", "C++", 20, 0, 0, 0, 0, 0, 0, 0, 0, 0, 0, 5, 9, 34
"d:\IMDB_full_clone\New folder\xxxx\IMDb_full_clone\windows\runner\main.cpp", "C++", 30, 0, 0, 0, 0, 0, 0, 0, 0, 0, 0, 4, 10, 44
"d:\IMDB_full_clone\New folder\xxxx\IMDb_full_clone\windows\runner\resource.h", "C++", 9, 0, 0, 0, 0, 0, 0, 0, 0, 0, 0, 6, 2, 17
"d:\IMDB_full_clone\New folder\xxxx\IMDb_full_clone\windows\runner\utils.cpp", "C++", 53, 0, 0, 0, 0, 0, 0, 0, 0, 0, 0, 2, 10, 65
"d:\IMDB_full_clone\New folder\xxxx\IMDb_full_clone\windows\runner\utils.h", "C++", 8, 0, 0, 0, 0, 0, 0, 0, 0, 0, 0, 6, 6, 20
"d:\IMDB_full_clone\New folder\xxxx\IMDb_full_clone\windows\runner\win32_window.cpp", "C++", 183, 0, 0, 0, 0, 0, 0, 0, 0, 0, 0, 15, 48, 246
"d:\IMDB_full_clone\New folder\xxxx\IMDb_full_clone\windows\runner\win32_window.h", "C++", 48, 0, 0, 0, 0, 0, 0, 0, 0, 0, 0, 29, 22, 99
"Total", "-", 499, 248, 37, 332, 12631, 13, 38, 89, 8, 466, 40, 643, 1772, 16816